<?xml version="1.0" standalone="yes"?>
<NewDataSet>
  <xs:schema id="NewDataSet" xmlns="" xmlns:xs="http://www.w3.org/2001/XMLSchema" xmlns:msdata="urn:schemas-microsoft-com:xml-msdata">
    <xs:element name="NewDataSet" msdata:IsDataSet="true" msdata:MainDataTable="FtpData" msdata:UseCurrentLocale="true">
      <xs:complexType>
        <xs:choice minOccurs="0" maxOccurs="unbounded">
          <xs:element name="FtpData">
            <xs:complexType>
              <xs:sequence>
                <xs:element name="LocalPath" type="xs:string" />
                <xs:element name="Index" type="xs:int" minOccurs="0" />
                <xs:element name="Path" type="xs:string" minOccurs="0" />
                <xs:element name="Size" type="xs:int" minOccurs="0" />
                <xs:element name="Command" type="xs:string" minOccurs="0" />
                <xs:element name="Progress" type="xs:int" minOccurs="0" />
                <xs:element name="Retry" type="xs:int" minOccurs="0" />
                <xs:element name="Success" type="xs:boolean" minOccurs="0" />
              </xs:sequence>
            </xs:complexType>
          </xs:element>
        </xs:choice>
      </xs:complexType>
      <xs:unique name="Constraint1" msdata:PrimaryKey="true">
        <xs:selector xpath=".//FtpData" />
        <xs:field xpath="LocalPath" />
      </xs:unique>
    </xs:element>
  </xs:schema>
  <FtpData>
    <LocalPath>C:\temp-win\openElementFtp\Smart-Thermostat_Backup\Backup\.htaccess</LocalPath>
    <Index>1</Index>
    <Path>Backup/.htaccess</Path>
    <Size>33</Size>
    <Command>Add</Command>
    <Progress>0</Progress>
    <Retry>0</Retry>
    <Success>false</Success>
  </FtpData>
  <FtpData>
    <LocalPath>C:\temp-win\openElementFtp\Smart-Thermostat\Data\.htaccess</LocalPath>
    <Index>2</Index>
    <Path>Data/.htaccess</Path>
    <Size>13</Size>
    <Command>Add</Command>
    <Progress>0</Progress>
    <Retry>0</Retry>
    <Success>false</Success>
  </FtpData>
  <FtpData>
    <LocalPath>C:\temp-win\openElementFtp\Smart-Thermostat\WEFiles\Client\Common\oe.min.js</LocalPath>
    <Index>3</Index>
    <Path>WEFiles/Client/Common/oe.min.js</Path>
    <Size>16317</Size>
    <Command>Add</Command>
    <Progress>0</Progress>
    <Retry>0</Retry>
    <Success>false</Success>
  </FtpData>
  <FtpData>
    <LocalPath>C:\temp-win\openElementFtp\Smart-Thermostat\WEFiles\Client\jQuery\Plugins\jquery.form.js</LocalPath>
    <Index>4</Index>
    <Path>WEFiles/Client/jQuery/Plugins/jquery.form.js</Path>
    <Size>11659</Size>
    <Command>Add</Command>
    <Progress>0</Progress>
    <Retry>0</Retry>
    <Success>false</Success>
  </FtpData>
  <FtpData>
    <LocalPath>C:\temp-win\openElementFtp\Smart-Thermostat\WEFiles\Client\jQuery\Plugins\jquery.ui.core.js</LocalPath>
    <Index>5</Index>
    <Path>WEFiles/Client/jQuery/Plugins/jquery.ui.core.js</Path>
    <Size>19590</Size>
    <Command>Add</Command>
    <Progress>0</Progress>
    <Retry>0</Retry>
    <Success>false</Success>
  </FtpData>
  <FtpData>
    <LocalPath>C:\temp-win\openElementFtp\Smart-Thermostat\WEFiles\Client\jQuery\Plugins\jquery.ui.effects.js</LocalPath>
    <Index>6</Index>
    <Path>WEFiles/Client/jQuery/Plugins/jquery.ui.effects.js</Path>
    <Size>25199</Size>
    <Command>Add</Command>
    <Progress>0</Progress>
    <Retry>0</Retry>
    <Success>false</Success>
  </FtpData>
  <FtpData>
    <LocalPath>C:\temp-win\openElementFtp\Smart-Thermostat\WEFiles\Client\jQuery\1.10.2.js</LocalPath>
    <Index>7</Index>
    <Path>WEFiles/Client/jQuery/1.10.2.js</Path>
    <Size>93107</Size>
    <Command>Add</Command>
    <Progress>0</Progress>
    <Retry>0</Retry>
    <Success>false</Success>
  </FtpData>
  <FtpData>
    <LocalPath>C:\temp-win\openElementFtp\Smart-Thermostat\WEFiles\Client\jQuery\migrate.js</LocalPath>
    <Index>8</Index>
    <Path>WEFiles/Client/jQuery/migrate.js</Path>
    <Size>7202</Size>
    <Command>Add</Command>
    <Progress>0</Progress>
    <Retry>0</Retry>
    <Success>false</Success>
  </FtpData>
  <FtpData>
    <LocalPath>C:\temp-win\openElementFtp\Smart-Thermostat\WEFiles\Client\OEDB.js</LocalPath>
    <Index>9</Index>
    <Path>WEFiles/Client/OEDB.js</Path>
    <Size>1856</Size>
    <Command>Add</Command>
    <Progress>0</Progress>
    <Retry>0</Retry>
    <Success>false</Success>
  </FtpData>
  <FtpData>
    <LocalPath>C:\temp-win\openElementFtp\Smart-Thermostat\WEFiles\Client\OEDBClasses.js</LocalPath>
    <Index>10</Index>
    <Path>WEFiles/Client/OEDBClasses.js</Path>
    <Size>2280</Size>
    <Command>Add</Command>
    <Progress>0</Progress>
    <Retry>0</Retry>
    <Success>false</Success>
  </FtpData>
  <FtpData>
    <LocalPath>C:\temp-win\openElementFtp\Smart-Thermostat\WEFiles\Client\opentip-jquery.min.js</LocalPath>
    <Index>11</Index>
    <Path>WEFiles/Client/opentip-jquery.min.js</Path>
    <Size>44974</Size>
    <Command>Add</Command>
    <Progress>0</Progress>
    <Retry>0</Retry>
    <Success>false</Success>
  </FtpData>
  <FtpData>
    <LocalPath>C:\temp-win\openElementFtp\Smart-Thermostat\WEFiles\Css\v01\openElement.css</LocalPath>
    <Index>12</Index>
    <Path>WEFiles/Css/v01/openElement.css</Path>
    <Size>5851</Size>
    <Command>Add</Command>
    <Progress>0</Progress>
    <Retry>0</Retry>
    <Success>false</Success>
  </FtpData>
  <FtpData>
    <LocalPath>C:\temp-win\openElementFtp\Smart-Thermostat\WEFiles\Css\v02\openElement.css</LocalPath>
    <Index>13</Index>
    <Path>WEFiles/Css/v02/openElement.css</Path>
    <Size>6102</Size>
    <Command>Add</Command>
    <Progress>0</Progress>
    <Retry>0</Retry>
    <Success>false</Success>
  </FtpData>
  <FtpData>
    <LocalPath>C:\temp-win\openElementFtp\Smart-Thermostat\WEFiles\Css\v02\openElement.int.css</LocalPath>
    <Index>14</Index>
    <Path>WEFiles/Css/v02/openElement.int.css</Path>
    <Size>6177</Size>
    <Command>Add</Command>
    <Progress>0</Progress>
    <Retry>0</Retry>
    <Success>false</Success>
  </FtpData>
  <FtpData>
    <LocalPath>C:\temp-win\openElementFtp\Smart-Thermostat\WEFiles\Css\ie7.css</LocalPath>
    <Index>15</Index>
    <Path>WEFiles/Css/ie7.css</Path>
    <Size>833</Size>
    <Command>Add</Command>
    <Progress>0</Progress>
    <Retry>0</Retry>
    <Success>false</Success>
  </FtpData>
  <FtpData>
    <LocalPath>C:\temp-win\openElementFtp\Smart-Thermostat\WEFiles\Css\opentip.css</LocalPath>
    <Index>16</Index>
    <Path>WEFiles/Css/opentip.css</Path>
    <Size>9211</Size>
    <Command>Add</Command>
    <Progress>0</Progress>
    <Retry>0</Retry>
    <Success>false</Success>
  </FtpData>
  <FtpData>
    <LocalPath>C:\temp-win\openElementFtp\Smart-Thermostat\WEFiles\Image\Code.png</LocalPath>
    <Index>17</Index>
    <Path>WEFiles/Image/Code.png</Path>
    <Size>831</Size>
    <Command>Add</Command>
    <Progress>0</Progress>
    <Retry>0</Retry>
    <Success>false</Success>
  </FtpData>
  <FtpData>
    <LocalPath>C:\temp-win\openElementFtp\Smart-Thermostat\WEFiles\Image\delete.png</LocalPath>
    <Index>18</Index>
    <Path>WEFiles/Image/delete.png</Path>
    <Size>1465</Size>
    <Command>Add</Command>
    <Progress>0</Progress>
    <Retry>0</Retry>
    <Success>false</Success>
  </FtpData>
  <FtpData>
    <LocalPath>C:\temp-win\openElementFtp\Smart-Thermostat\WEFiles\Image\empty.png</LocalPath>
    <Index>19</Index>
    <Path>WEFiles/Image/empty.png</Path>
    <Size>184</Size>
    <Command>Add</Command>
    <Progress>0</Progress>
    <Retry>0</Retry>
    <Success>false</Success>
  </FtpData>
  <FtpData>
    <LocalPath>C:\temp-win\openElementFtp\Smart-Thermostat\WEFiles\Image\information2.png</LocalPath>
    <Index>20</Index>
    <Path>WEFiles/Image/information2.png</Path>
    <Size>3246</Size>
    <Command>Add</Command>
    <Progress>0</Progress>
    <Retry>0</Retry>
    <Success>false</Success>
  </FtpData>
  <FtpData>
    <LocalPath>C:\temp-win\openElementFtp\Smart-Thermostat\WEFiles\Image\loading.gif</LocalPath>
    <Index>21</Index>
    <Path>WEFiles/Image/loading.gif</Path>
    <Size>1924</Size>
    <Command>Add</Command>
    <Progress>0</Progress>
    <Retry>0</Retry>
    <Success>false</Success>
  </FtpData>
  <FtpData>
    <LocalPath>C:\temp-win\openElementFtp\Smart-Thermostat\WEFiles\Image\Loading2.gif</LocalPath>
    <Index>22</Index>
    <Path>WEFiles/Image/Loading2.gif</Path>
    <Size>4941</Size>
    <Command>Add</Command>
    <Progress>0</Progress>
    <Retry>0</Retry>
    <Success>false</Success>
  </FtpData>
  <FtpData>
    <LocalPath>C:\temp-win\openElementFtp\Smart-Thermostat\WEFiles\Image\mask.png</LocalPath>
    <Index>23</Index>
    <Path>WEFiles/Image/mask.png</Path>
    <Size>213</Size>
    <Command>Add</Command>
    <Progress>0</Progress>
    <Retry>0</Retry>
    <Success>false</Success>
  </FtpData>
  <FtpData>
    <LocalPath>C:\temp-win\openElementFtp\Smart-Thermostat\WEFiles\Image\ModalBackgound.png</LocalPath>
    <Index>24</Index>
    <Path>WEFiles/Image/ModalBackgound.png</Path>
    <Size>27145</Size>
    <Command>Add</Command>
    <Progress>0</Progress>
    <Retry>0</Retry>
    <Success>false</Success>
  </FtpData>
  <FtpData>
    <LocalPath>C:\temp-win\openElementFtp\Smart-Thermostat\WEFiles\Image\ModalPopupBlock.png</LocalPath>
    <Index>25</Index>
    <Path>WEFiles/Image/ModalPopupBlock.png</Path>
    <Size>268</Size>
    <Command>Add</Command>
    <Progress>0</Progress>
    <Retry>0</Retry>
    <Success>false</Success>
  </FtpData>
  <FtpData>
    <LocalPath>C:\temp-win\openElementFtp\Smart-Thermostat\WEFiles\Image\ServerError.png</LocalPath>
    <Index>26</Index>
    <Path>WEFiles/Image/ServerError.png</Path>
    <Size>2602</Size>
    <Command>Add</Command>
    <Progress>0</Progress>
    <Retry>0</Retry>
    <Success>false</Success>
  </FtpData>
  <FtpData>
    <LocalPath>C:\temp-win\openElementFtp\Smart-Thermostat\WEFiles\Image\warning.png</LocalPath>
    <Index>27</Index>
    <Path>WEFiles/Image/warning.png</Path>
    <Size>816</Size>
    <Command>Add</Command>
    <Progress>0</Progress>
    <Retry>0</Retry>
    <Success>false</Success>
  </FtpData>
  <FtpData>
    <LocalPath>C:\temp-win\openElementFtp\Smart-Thermostat\WEFiles\Image\WEW3C.png</LocalPath>
    <Index>28</Index>
    <Path>WEFiles/Image/WEW3C.png</Path>
    <Size>1882</Size>
    <Command>Add</Command>
    <Progress>0</Progress>
    <Retry>0</Retry>
    <Success>false</Success>
  </FtpData>
  <FtpData>
    <LocalPath>C:\temp-win\openElementFtp\Smart-Thermostat\WEFiles\Server\class\class-phpmailer.php</LocalPath>
    <Index>29</Index>
    <Path>WEFiles/Server/class/class-phpmailer.php</Path>
    <Size>65668</Size>
    <Command>Add</Command>
    <Progress>0</Progress>
    <Retry>0</Retry>
    <Success>false</Success>
  </FtpData>
  <FtpData>
    <LocalPath>C:\temp-win\openElementFtp\Smart-Thermostat\WEFiles\Server\class\class-smtp.php</LocalPath>
    <Index>30</Index>
    <Path>WEFiles/Server/class/class-smtp.php</Path>
    <Size>32456</Size>
    <Command>Add</Command>
    <Progress>0</Progress>
    <Retry>0</Retry>
    <Success>false</Success>
  </FtpData>
  <FtpData>
    <LocalPath>C:\temp-win\openElementFtp\Smart-Thermostat\WEFiles\Server\DB\DBTools\OEDataContainers.php</LocalPath>
    <Index>31</Index>
    <Path>WEFiles/Server/DB/DBTools/OEDataContainers.php</Path>
    <Size>57685</Size>
    <Command>Add</Command>
    <Progress>0</Progress>
    <Retry>0</Retry>
    <Success>false</Success>
  </FtpData>
  <FtpData>
    <LocalPath>C:\temp-win\openElementFtp\Smart-Thermostat\WEFiles\Server\DB\DBTools\OEDBRequest.php</LocalPath>
    <Index>32</Index>
    <Path>WEFiles/Server/DB/DBTools/OEDBRequest.php</Path>
    <Size>36412</Size>
    <Command>Add</Command>
    <Progress>0</Progress>
    <Retry>0</Retry>
    <Success>false</Success>
  </FtpData>
  <FtpData>
    <LocalPath>C:\temp-win\openElementFtp\Smart-Thermostat\WEFiles\Server\DB\DBTools\OEDynUtils.php</LocalPath>
    <Index>33</Index>
    <Path>WEFiles/Server/DB/DBTools/OEDynUtils.php</Path>
    <Size>15107</Size>
    <Command>Add</Command>
    <Progress>0</Progress>
    <Retry>0</Retry>
    <Success>false</Success>
  </FtpData>
  <FtpData>
    <LocalPath>C:\temp-win\openElementFtp\Smart-Thermostat\WEFiles\Server\DB\.htaccess</LocalPath>
    <Index>34</Index>
    <Path>WEFiles/Server/DB/.htaccess</Path>
    <Size>13</Size>
    <Command>Add</Command>
    <Progress>0</Progress>
    <Retry>0</Retry>
    <Success>false</Success>
  </FtpData>
  <FtpData>
    <LocalPath>C:\temp-win\openElementFtp\Smart-Thermostat\WEFiles\Server\DB\OEDB.php</LocalPath>
    <Index>35</Index>
    <Path>WEFiles/Server/DB/OEDB.php</Path>
    <Size>28741</Size>
    <Command>Add</Command>
    <Progress>0</Progress>
    <Retry>0</Retry>
    <Success>false</Success>
  </FtpData>
  <FtpData>
    <LocalPath>C:\temp-win\openElementFtp\Smart-Thermostat\WEFiles\Server\DB\OEDBClasses.php</LocalPath>
    <Index>36</Index>
    <Path>WEFiles/Server/DB/OEDBClasses.php</Path>
    <Size>84483</Size>
    <Command>Add</Command>
    <Progress>0</Progress>
    <Retry>0</Retry>
    <Success>false</Success>
  </FtpData>
  <FtpData>
    <LocalPath>C:\temp-win\openElementFtp\Smart-Thermostat\WEFiles\Server\DB\sqllogin.php</LocalPath>
    <Index>37</Index>
    <Path>WEFiles/Server/DB/sqllogin.php</Path>
    <Size>1479</Size>
    <Command>Add</Command>
    <Progress>0</Progress>
    <Retry>0</Retry>
    <Success>false</Success>
  </FtpData>
  <FtpData>
    <LocalPath>C:\temp-win\openElementFtp\Smart-Thermostat\WEFiles\Server\language\phpmailer.lang-en.php</LocalPath>
    <Index>38</Index>
    <Path>WEFiles/Server/language/phpmailer.lang-en.php</Path>
    <Size>1188</Size>
    <Command>Add</Command>
    <Progress>0</Progress>
    <Retry>0</Retry>
    <Success>false</Success>
  </FtpData>
  <FtpData>
    <LocalPath>C:\temp-win\openElementFtp\Smart-Thermostat\WEFiles\Server\language\phpmailer.lang-fr.php</LocalPath>
    <Index>39</Index>
    <Path>WEFiles/Server/language/phpmailer.lang-fr.php</Path>
    <Size>1297</Size>
    <Command>Add</Command>
    <Progress>0</Progress>
    <Retry>0</Retry>
    <Success>false</Success>
  </FtpData>
  <FtpData>
    <LocalPath>C:\temp-win\openElementFtp\Smart-Thermostat\WEFiles\Server\openElement.php</LocalPath>
    <Index>40</Index>
    <Path>WEFiles/Server/openElement.php</Path>
    <Size>13870</Size>
    <Command>Add</Command>
    <Progress>0</Progress>
    <Retry>0</Retry>
    <Success>false</Success>
  </FtpData>
  <FtpData>
    <LocalPath>C:\temp-win\openElementFtp\Smart-Thermostat\WEFiles\Server\VarText.php</LocalPath>
    <Index>41</Index>
    <Path>WEFiles/Server/VarText.php</Path>
    <Size>4496</Size>
    <Command>Add</Command>
    <Progress>0</Progress>
    <Retry>0</Retry>
    <Success>false</Success>
  </FtpData>
  <FtpData>
    <LocalPath>C:\temp-win\openElementFtp\Smart-Thermostat\.htaccess</LocalPath>
    <Index>42</Index>
    <Path>.htaccess</Path>
    <Size>0</Size>
    <Command>Add</Command>
    <Progress>0</Progress>
    <Retry>0</Retry>
    <Success>false</Success>
  </FtpData>
  <FtpData>
    <LocalPath>C:\temp-win\openElementFtp\Smart-Thermostat\scrolltop\jquery.js</LocalPath>
    <Index>43</Index>
    <Path>scrolltop/jquery.js</Path>
    <Size>96444</Size>
    <Command>Add</Command>
    <Progress>0</Progress>
    <Retry>0</Retry>
    <Success>false</Success>
  </FtpData>
  <FtpData>
    <LocalPath>C:\temp-win\openElementFtp\Smart-Thermostat\scrolltop\returnOnTop.css</LocalPath>
    <Index>44</Index>
    <Path>scrolltop/returnOnTop.css</Path>
    <Size>366</Size>
    <Command>Add</Command>
    <Progress>0</Progress>
    <Retry>0</Retry>
    <Success>false</Success>
  </FtpData>
  <FtpData>
    <LocalPath>C:\temp-win\openElementFtp\Smart-Thermostat\scrolltop\returnOnTop.js</LocalPath>
    <Index>45</Index>
    <Path>scrolltop/returnOnTop.js</Path>
    <Size>497</Size>
    <Command>Add</Command>
    <Progress>0</Progress>
    <Retry>0</Retry>
    <Success>false</Success>
  </FtpData>
  <FtpData>
    <LocalPath>C:\temp-win\openElementFtp\Smart-Thermostat\scrolltop\return_on_top.png</LocalPath>
    <Index>46</Index>
    <Path>scrolltop/return_on_top.png</Path>
    <Size>968</Size>
    <Command>Add</Command>
    <Progress>0</Progress>
    <Retry>0</Retry>
    <Success>false</Success>
  </FtpData>
  <FtpData>
    <LocalPath>C:\temp-win\openElementFtp\Smart-Thermostat\config(var).js</LocalPath>
    <Index>47</Index>
    <Path>config(var).js</Path>
    <Size>2234</Size>
    <Command>Add</Command>
    <Progress>0</Progress>
    <Retry>0</Retry>
    <Success>false</Success>
  </FtpData>
  <FtpData>
    <LocalPath>C:\temp-win\openElementFtp\Smart-Thermostat\config(var).php</LocalPath>
    <Index>48</Index>
    <Path>config(var).php</Path>
    <Size>252</Size>
    <Command>Add</Command>
    <Progress>0</Progress>
    <Retry>0</Retry>
    <Success>false</Success>
  </FtpData>
  <FtpData>
    <LocalPath>C:\temp-win\openElementFtp\Smart-Thermostat\config.css</LocalPath>
    <Index>49</Index>
    <Path>config.css</Path>
    <Size>5260</Size>
    <Command>Add</Command>
    <Progress>0</Progress>
    <Retry>0</Retry>
    <Success>false</Success>
  </FtpData>
  <FtpData>
    <LocalPath>C:\temp-win\openElementFtp\Smart-Thermostat\WEFiles\Client\WESendForm-v210.js</LocalPath>
    <Index>50</Index>
    <Path>WEFiles/Client/WESendForm-v210.js</Path>
    <Size>3846</Size>
    <Command>Add</Command>
    <Progress>0</Progress>
    <Retry>0</Retry>
    <Success>false</Success>
  </FtpData>
  <FtpData>
    <LocalPath>C:\temp-win\openElementFtp\Smart-Thermostat\WEFiles\Image\Skin\c01bce0b.png</LocalPath>
    <Index>51</Index>
    <Path>WEFiles/Image/Skin/c01bce0b.png</Path>
    <Size>191</Size>
    <Command>Add</Command>
    <Progress>0</Progress>
    <Retry>0</Retry>
    <Success>false</Success>
  </FtpData>
  <FtpData>
    <LocalPath>C:\temp-win\openElementFtp\Smart-Thermostat\WEFiles\Image\Skin\3b9d0c7d.png</LocalPath>
    <Index>52</Index>
    <Path>WEFiles/Image/Skin/3b9d0c7d.png</Path>
    <Size>826</Size>
    <Command>Add</Command>
    <Progress>0</Progress>
    <Retry>0</Retry>
    <Success>false</Success>
  </FtpData>
  <FtpData>
    <LocalPath>C:\temp-win\openElementFtp\Smart-Thermostat\WEFiles\Image\Skin\26c70838.png</LocalPath>
    <Index>53</Index>
    <Path>WEFiles/Image/Skin/26c70838.png</Path>
    <Size>191</Size>
    <Command>Add</Command>
    <Progress>0</Progress>
    <Retry>0</Retry>
    <Success>false</Success>
  </FtpData>
  <FtpData>
    <LocalPath>C:\temp-win\openElementFtp\Smart-Thermostat\WEFiles\Image\Skin\58294202.png</LocalPath>
    <Index>54</Index>
    <Path>WEFiles/Image/Skin/58294202.png</Path>
    <Size>826</Size>
    <Command>Add</Command>
    <Progress>0</Progress>
    <Retry>0</Retry>
    <Success>false</Success>
  </FtpData>
  <FtpData>
    <LocalPath>C:\temp-win\openElementFtp\Smart-Thermostat\WEFiles\Image\Skin\b150fa74.png</LocalPath>
    <Index>55</Index>
    <Path>WEFiles/Image/Skin/b150fa74.png</Path>
    <Size>392</Size>
    <Command>Add</Command>
    <Progress>0</Progress>
    <Retry>0</Retry>
    <Success>false</Success>
  </FtpData>
  <FtpData>
    <LocalPath>C:\temp-win\openElementFtp\Smart-Thermostat\WEFiles\Css\WEMenu-v23.css</LocalPath>
    <Index>56</Index>
    <Path>WEFiles/Css/WEMenu-v23.css</Path>
    <Size>425</Size>
    <Command>Add</Command>
    <Progress>0</Progress>
    <Retry>0</Retry>
    <Success>false</Success>
  </FtpData>
  <FtpData>
    <LocalPath>C:\temp-win\openElementFtp\Smart-Thermostat\WEFiles\Client\WEMenu-v23.js</LocalPath>
    <Index>57</Index>
    <Path>WEFiles/Client/WEMenu-v23.js</Path>
    <Size>5687</Size>
    <Command>Add</Command>
    <Progress>0</Progress>
    <Retry>0</Retry>
    <Success>false</Success>
  </FtpData>
  <FtpData>
    <LocalPath>C:\temp-win\openElementFtp\Smart-Thermostat\WEFiles\EG\EG891d4068\Js\anchor-scroll-v13.js</LocalPath>
    <Index>58</Index>
    <Path>WEFiles/EG/EG891d4068/Js/anchor-scroll-v13.js</Path>
    <Size>2855</Size>
    <Command>Add</Command>
    <Progress>0</Progress>
    <Retry>0</Retry>
    <Success>false</Success>
  </FtpData>
  <FtpData>
    <LocalPath>C:\temp-win\openElementFtp\Smart-Thermostat\Files\Image\accueil\menu-mobile60x60.png</LocalPath>
    <Index>59</Index>
    <Path>Files/Image/accueil/menu-mobile60x60.png</Path>
    <Size>1190</Size>
    <Command>Add</Command>
    <Progress>0</Progress>
    <Retry>0</Retry>
    <Success>false</Success>
  </FtpData>
  <FtpData>
    <LocalPath>C:\temp-win\openElementFtp\Smart-Thermostat\WEFiles\Image\WEImage\menu-mobile60x60-WEMENU_MOBILE.png</LocalPath>
    <Index>60</Index>
    <Path>WEFiles/Image/WEImage/menu-mobile60x60-WEMENU_MOBILE.png</Path>
    <Size>378</Size>
    <Command>Add</Command>
    <Progress>0</Progress>
    <Retry>0</Retry>
    <Success>false</Success>
  </FtpData>
  <FtpData>
    <LocalPath>C:\temp-win\openElementFtp\Smart-Thermostat\Files\Image\logo.png</LocalPath>
    <Index>61</Index>
    <Path>Files/Image/logo.png</Path>
    <Size>51932</Size>
    <Command>Add</Command>
    <Progress>0</Progress>
    <Retry>0</Retry>
    <Success>false</Success>
  </FtpData>
  <FtpData>
    <LocalPath>C:\temp-win\openElementFtp\Smart-Thermostat\config.php</LocalPath>
    <Index>62</Index>
    <Path>config.php</Path>
    <Size>25500</Size>
    <Command>Add</Command>
    <Progress>0</Progress>
    <Retry>0</Retry>
    <Success>false</Success>
  </FtpData>
  <FtpData>
    <LocalPath>C:\temp-win\openElementFtp\Smart-Thermostat\index(var).js</LocalPath>
    <Index>63</Index>
    <Path>index(var).js</Path>
    <Size>6708</Size>
    <Command>Add</Command>
    <Progress>0</Progress>
    <Retry>0</Retry>
    <Success>false</Success>
  </FtpData>
  <FtpData>
    <LocalPath>C:\temp-win\openElementFtp\Smart-Thermostat\index(var).php</LocalPath>
    <Index>64</Index>
    <Path>index(var).php</Path>
    <Size>1135</Size>
    <Command>Add</Command>
    <Progress>0</Progress>
    <Retry>0</Retry>
    <Success>false</Success>
  </FtpData>
  <FtpData>
    <LocalPath>C:\temp-win\openElementFtp\Smart-Thermostat\index.css</LocalPath>
    <Index>65</Index>
    <Path>index.css</Path>
    <Size>4140</Size>
    <Command>Add</Command>
    <Progress>0</Progress>
    <Retry>0</Retry>
    <Success>false</Success>
  </FtpData>
  <FtpData>
    <LocalPath>C:\temp-win\openElementFtp\Smart-Thermostat\WEFiles\Server\WESendMail-v210.php</LocalPath>
    <Index>66</Index>
    <Path>WEFiles/Server/WESendMail-v210.php</Path>
    <Size>12362</Size>
    <Command>Add</Command>
    <Progress>0</Progress>
    <Retry>0</Retry>
    <Success>false</Success>
  </FtpData>
  <FtpData>
    <LocalPath>C:\temp-win\openElementFtp\Smart-Thermostat\WEFiles\Client\WESendMail-v210.js</LocalPath>
    <Index>67</Index>
    <Path>WEFiles/Client/WESendMail-v210.js</Path>
    <Size>3670</Size>
    <Command>Add</Command>
    <Progress>0</Progress>
    <Retry>0</Retry>
    <Success>false</Success>
  </FtpData>
  <FtpData>
    <LocalPath>C:\temp-win\openElementFtp\Smart-Thermostat\WEFiles\EG\EGf8c88e12\ResImg\Image11-v21.png</LocalPath>
    <Index>68</Index>
    <Path>WEFiles/EG/EGf8c88e12/ResImg/Image11-v21.png</Path>
    <Size>124</Size>
    <Command>Add</Command>
    <Progress>0</Progress>
    <Retry>0</Retry>
    <Success>false</Success>
  </FtpData>
  <FtpData>
    <LocalPath>C:\temp-win\openElementFtp\Smart-Thermostat\WEFiles\EG\EGf8c88e12\ResImg\Image10-v21.png</LocalPath>
    <Index>69</Index>
    <Path>WEFiles/EG/EGf8c88e12/ResImg/Image10-v21.png</Path>
    <Size>137</Size>
    <Command>Add</Command>
    <Progress>0</Progress>
    <Retry>0</Retry>
    <Success>false</Success>
  </FtpData>
  <FtpData>
    <LocalPath>C:\temp-win\openElementFtp\Smart-Thermostat\WEFiles\EG\EGf8c88e12\ResImg\Image9-v21.png</LocalPath>
    <Index>70</Index>
    <Path>WEFiles/EG/EGf8c88e12/ResImg/Image9-v21.png</Path>
    <Size>208</Size>
    <Command>Add</Command>
    <Progress>0</Progress>
    <Retry>0</Retry>
    <Success>false</Success>
  </FtpData>
  <FtpData>
    <LocalPath>C:\temp-win\openElementFtp\Smart-Thermostat\WEFiles\EG\EGf8c88e12\ResImg\Image8-v21.png</LocalPath>
    <Index>71</Index>
    <Path>WEFiles/EG/EGf8c88e12/ResImg/Image8-v21.png</Path>
    <Size>146</Size>
    <Command>Add</Command>
    <Progress>0</Progress>
    <Retry>0</Retry>
    <Success>false</Success>
  </FtpData>
  <FtpData>
    <LocalPath>C:\temp-win\openElementFtp\Smart-Thermostat\WEFiles\EG\EGf8c88e12\ResImg\Image7-v21.png</LocalPath>
    <Index>72</Index>
    <Path>WEFiles/EG/EGf8c88e12/ResImg/Image7-v21.png</Path>
    <Size>215</Size>
    <Command>Add</Command>
    <Progress>0</Progress>
    <Retry>0</Retry>
    <Success>false</Success>
  </FtpData>
  <FtpData>
    <LocalPath>C:\temp-win\openElementFtp\Smart-Thermostat\WEFiles\EG\EGf8c88e12\ResImg\Image6-v21.png</LocalPath>
    <Index>73</Index>
    <Path>WEFiles/EG/EGf8c88e12/ResImg/Image6-v21.png</Path>
    <Size>211</Size>
    <Command>Add</Command>
    <Progress>0</Progress>
    <Retry>0</Retry>
    <Success>false</Success>
  </FtpData>
  <FtpData>
    <LocalPath>C:\temp-win\openElementFtp\Smart-Thermostat\WEFiles\EG\EGf8c88e12\ResImg\Image5-v21.png</LocalPath>
    <Index>74</Index>
    <Path>WEFiles/EG/EGf8c88e12/ResImg/Image5-v21.png</Path>
    <Size>213</Size>
    <Command>Add</Command>
    <Progress>0</Progress>
    <Retry>0</Retry>
    <Success>false</Success>
  </FtpData>
  <FtpData>
    <LocalPath>C:\temp-win\openElementFtp\Smart-Thermostat\WEFiles\EG\EGf8c88e12\ResImg\Image4-v21.png</LocalPath>
    <Index>75</Index>
    <Path>WEFiles/EG/EGf8c88e12/ResImg/Image4-v21.png</Path>
    <Size>211</Size>
    <Command>Add</Command>
    <Progress>0</Progress>
    <Retry>0</Retry>
    <Success>false</Success>
  </FtpData>
  <FtpData>
    <LocalPath>C:\temp-win\openElementFtp\Smart-Thermostat\WEFiles\EG\EGf8c88e12\ResImg\Image3-v21.png</LocalPath>
    <Index>76</Index>
    <Path>WEFiles/EG/EGf8c88e12/ResImg/Image3-v21.png</Path>
    <Size>209</Size>
    <Command>Add</Command>
    <Progress>0</Progress>
    <Retry>0</Retry>
    <Success>false</Success>
  </FtpData>
  <FtpData>
    <LocalPath>C:\temp-win\openElementFtp\Smart-Thermostat\WEFiles\EG\EGf8c88e12\ResImg\Image2-v21.png</LocalPath>
    <Index>77</Index>
    <Path>WEFiles/EG/EGf8c88e12/ResImg/Image2-v21.png</Path>
    <Size>211</Size>
    <Command>Add</Command>
    <Progress>0</Progress>
    <Retry>0</Retry>
    <Success>false</Success>
  </FtpData>
  <FtpData>
    <LocalPath>C:\temp-win\openElementFtp\Smart-Thermostat\WEFiles\EG\EGf8c88e12\ResImg\Image1-v21.png</LocalPath>
    <Index>78</Index>
    <Path>WEFiles/EG/EGf8c88e12/ResImg/Image1-v21.png</Path>
    <Size>213</Size>
    <Command>Add</Command>
    <Progress>0</Progress>
    <Retry>0</Retry>
    <Success>false</Success>
  </FtpData>
  <FtpData>
    <LocalPath>C:\temp-win\openElementFtp\Smart-Thermostat\WEFiles\EG\EGf8c88e12\ResImg\Image12-v21.png</LocalPath>
    <Index>79</Index>
    <Path>WEFiles/EG/EGf8c88e12/ResImg/Image12-v21.png</Path>
    <Size>130</Size>
    <Command>Add</Command>
    <Progress>0</Progress>
    <Retry>0</Retry>
    <Success>false</Success>
  </FtpData>
  <FtpData>
    <LocalPath>C:\temp-win\openElementFtp\Smart-Thermostat\WEFiles\EG\EGf8c88e12\ResImg\Image13-v21.png</LocalPath>
    <Index>80</Index>
    <Path>WEFiles/EG/EGf8c88e12/ResImg/Image13-v21.png</Path>
    <Size>142</Size>
    <Command>Add</Command>
    <Progress>0</Progress>
    <Retry>0</Retry>
    <Success>false</Success>
  </FtpData>
  <FtpData>
    <LocalPath>C:\temp-win\openElementFtp\Smart-Thermostat\WEFiles\EG\EGf8c88e12\ResImg\Image14-v21.png</LocalPath>
    <Index>81</Index>
    <Path>WEFiles/EG/EGf8c88e12/ResImg/Image14-v21.png</Path>
    <Size>126</Size>
    <Command>Add</Command>
    <Progress>0</Progress>
    <Retry>0</Retry>
    <Success>false</Success>
  </FtpData>
  <FtpData>
    <LocalPath>C:\temp-win\openElementFtp\Smart-Thermostat\WEFiles\EG\EGf8c88e12\ResImg\Image15-v21.png</LocalPath>
    <Index>82</Index>
    <Path>WEFiles/EG/EGf8c88e12/ResImg/Image15-v21.png</Path>
    <Size>137</Size>
    <Command>Add</Command>
    <Progress>0</Progress>
    <Retry>0</Retry>
    <Success>false</Success>
  </FtpData>
  <FtpData>
    <LocalPath>C:\temp-win\openElementFtp\Smart-Thermostat\WEFiles\EG\EGf8c88e12\ResImg\Loading-v21.gif</LocalPath>
    <Index>83</Index>
    <Path>WEFiles/EG/EGf8c88e12/ResImg/Loading-v21.gif</Path>
    <Size>4461</Size>
    <Command>Add</Command>
    <Progress>0</Progress>
    <Retry>0</Retry>
    <Success>false</Success>
  </FtpData>
  <FtpData>
    <LocalPath>C:\temp-win\openElementFtp\Smart-Thermostat\Files\Image\image01.jpg</LocalPath>
    <Index>84</Index>
    <Path>Files/Image/image01.jpg</Path>
    <Size>112750</Size>
    <Command>Add</Command>
    <Progress>0</Progress>
    <Retry>0</Retry>
    <Success>false</Success>
  </FtpData>
  <FtpData>
    <LocalPath>C:\temp-win\openElementFtp\Smart-Thermostat\Files\Image\image03.jpg</LocalPath>
    <Index>85</Index>
    <Path>Files/Image/image03.jpg</Path>
    <Size>162148</Size>
    <Command>Add</Command>
    <Progress>0</Progress>
    <Retry>0</Retry>
    <Success>false</Success>
  </FtpData>
  <FtpData>
    <LocalPath>C:\temp-win\openElementFtp\Smart-Thermostat\Files\Image\image02.jpg</LocalPath>
    <Index>86</Index>
    <Path>Files/Image/image02.jpg</Path>
    <Size>332748</Size>
    <Command>Add</Command>
    <Progress>0</Progress>
    <Retry>0</Retry>
    <Success>false</Success>
  </FtpData>
  <FtpData>
    <LocalPath>C:\temp-win\openElementFtp\Smart-Thermostat\WEFiles\EG\EGf8c88e12\Js\jquery.vegas.min-v81.js</LocalPath>
    <Index>87</Index>
    <Path>WEFiles/EG/EGf8c88e12/Js/jquery.vegas.min-v81.js</Path>
    <Size>9617</Size>
    <Command>Add</Command>
    <Progress>0</Progress>
    <Retry>0</Retry>
    <Success>false</Success>
  </FtpData>
  <FtpData>
    <LocalPath>C:\temp-win\openElementFtp\Smart-Thermostat\WEFiles\EG\EGf8c88e12\Css\jquery.vegas-v89.css</LocalPath>
    <Index>88</Index>
    <Path>WEFiles/EG/EGf8c88e12/Css/jquery.vegas-v89.css</Path>
    <Size>13602</Size>
    <Command>Add</Command>
    <Progress>0</Progress>
    <Retry>0</Retry>
    <Success>false</Success>
  </FtpData>
  <FtpData>
    <LocalPath>C:\temp-win\openElementFtp\Smart-Thermostat\WEFiles\EG\EGf8c88e12\Js\WEBackgroundSlider-v213.js</LocalPath>
    <Index>89</Index>
    <Path>WEFiles/EG/EGf8c88e12/Js/WEBackgroundSlider-v213.js</Path>
    <Size>4398</Size>
    <Command>Add</Command>
    <Progress>0</Progress>
    <Retry>0</Retry>
    <Success>false</Success>
  </FtpData>
  <FtpData>
    <LocalPath>C:\temp-win\openElementFtp\Smart-Thermostat\WEFiles\EG\EGf79d11e9\Js\parallax-safe-v33.js</LocalPath>
    <Index>90</Index>
    <Path>WEFiles/EG/EGf79d11e9/Js/parallax-safe-v33.js</Path>
    <Size>7226</Size>
    <Command>Add</Command>
    <Progress>0</Progress>
    <Retry>0</Retry>
    <Success>false</Success>
  </FtpData>
  <FtpData>
    <LocalPath>C:\temp-win\openElementFtp\Smart-Thermostat\WEFiles\EG\EGf79d11e9\Css\parallax-safe-v26.css</LocalPath>
    <Index>91</Index>
    <Path>WEFiles/EG/EGf79d11e9/Css/parallax-safe-v26.css</Path>
    <Size>212</Size>
    <Command>Add</Command>
    <Progress>0</Progress>
    <Retry>0</Retry>
    <Success>false</Success>
  </FtpData>
  <FtpData>
    <LocalPath>C:\temp-win\openElementFtp\Smart-Thermostat\WEFiles\EG\EGb09efbd1\Js\iframeprotect-v18.js</LocalPath>
    <Index>92</Index>
    <Path>WEFiles/EG/EGb09efbd1/Js/iframeprotect-v18.js</Path>
    <Size>2375</Size>
    <Command>Add</Command>
    <Progress>0</Progress>
    <Retry>0</Retry>
    <Success>false</Success>
  </FtpData>
  <FtpData>
    <LocalPath>C:\temp-win\openElementFtp\Smart-Thermostat\WEFiles\EG\EG9f25bfab\Js\OERespPanel-v104.js</LocalPath>
    <Index>93</Index>
    <Path>WEFiles/EG/EG9f25bfab/Js/OERespPanel-v104.js</Path>
    <Size>8720</Size>
    <Command>Add</Command>
    <Progress>0</Progress>
    <Retry>0</Retry>
    <Success>false</Success>
  </FtpData>
  <FtpData>
    <LocalPath>C:\temp-win\openElementFtp\Smart-Thermostat\WEFiles\EG\EG9f25bfab\Css\OERespPanel-v70.css</LocalPath>
    <Index>94</Index>
    <Path>WEFiles/EG/EG9f25bfab/Css/OERespPanel-v70.css</Path>
    <Size>571</Size>
    <Command>Add</Command>
    <Progress>0</Progress>
    <Retry>0</Retry>
    <Success>false</Success>
  </FtpData>
  <FtpData>
    <LocalPath>C:\temp-win\openElementFtp\Smart-Thermostat\Files\Image\logo_transparent.png</LocalPath>
    <Index>95</Index>
    <Path>Files/Image/logo_transparent.png</Path>
    <Size>40901</Size>
    <Command>Add</Command>
    <Progress>0</Progress>
    <Retry>0</Retry>
    <Success>false</Success>
  </FtpData>
  <FtpData>
    <LocalPath>C:\temp-win\openElementFtp\Smart-Thermostat\WEFiles\Image\WEImage\logo_transparent-WEdd51c38485.png</LocalPath>
    <Index>96</Index>
    <Path>WEFiles/Image/WEImage/logo_transparent-WEdd51c38485.png</Path>
    <Size>21357</Size>
    <Command>Add</Command>
    <Progress>0</Progress>
    <Retry>0</Retry>
    <Success>false</Success>
  </FtpData>
  <FtpData>
    <LocalPath>C:\temp-win\openElementFtp\Smart-Thermostat\WEFiles\EG\EG15ce8951\Js\jquery-sticky-v53.js</LocalPath>
    <Index>97</Index>
    <Path>WEFiles/EG/EG15ce8951/Js/jquery-sticky-v53.js</Path>
    <Size>9937</Size>
    <Command>Add</Command>
    <Progress>0</Progress>
    <Retry>0</Retry>
    <Success>false</Success>
  </FtpData>
  <FtpData>
    <LocalPath>C:\temp-win\openElementFtp\Smart-Thermostat\WEFiles\EG\EG15ce8951\Js\sticky-v51.js</LocalPath>
    <Index>98</Index>
    <Path>WEFiles/EG/EG15ce8951/Js/sticky-v51.js</Path>
    <Size>2098</Size>
    <Command>Add</Command>
    <Progress>0</Progress>
    <Retry>0</Retry>
    <Success>false</Success>
  </FtpData>
  <FtpData>
    <LocalPath>C:\temp-win\openElementFtp\Smart-Thermostat\index.htm</LocalPath>
    <Index>99</Index>
    <Path>index.htm</Path>
    <Size>17147</Size>
    <Command>Add</Command>
    <Progress>0</Progress>
    <Retry>0</Retry>
    <Success>false</Success>
  </FtpData>
  <FtpData>
    <LocalPath>C:\temp-win\openElementFtp\Smart-Thermostat\Planning(var).js</LocalPath>
    <Index>100</Index>
    <Path>Planning(var).js</Path>
    <Size>6497</Size>
    <Command>Add</Command>
    <Progress>0</Progress>
    <Retry>0</Retry>
    <Success>false</Success>
  </FtpData>
  <FtpData>
    <LocalPath>C:\temp-win\openElementFtp\Smart-Thermostat\Planning(var).php</LocalPath>
    <Index>101</Index>
    <Path>Planning(var).php</Path>
    <Size>4866</Size>
    <Command>Add</Command>
    <Progress>0</Progress>
    <Retry>0</Retry>
    <Success>false</Success>
  </FtpData>
  <FtpData>
    <LocalPath>C:\temp-win\openElementFtp\Smart-Thermostat\Planning.css</LocalPath>
    <Index>102</Index>
    <Path>Planning.css</Path>
    <Size>41124</Size>
    <Command>Add</Command>
    <Progress>0</Progress>
    <Retry>0</Retry>
    <Success>false</Success>
  </FtpData>
  <FtpData>
    <LocalPath>C:\temp-win\openElementFtp\Smart-Thermostat\Planning.php</LocalPath>
    <Index>103</Index>
    <Path>Planning.php</Path>
    <Size>102500</Size>
    <Command>Add</Command>
    <Progress>0</Progress>
    <Retry>0</Retry>
    <Success>false</Success>
  </FtpData>
  <FtpData>
    <LocalPath>C:\temp-win\openElementFtp\Smart-Thermostat\robots.txt</LocalPath>
    <Index>104</Index>
    <Path>robots.txt</Path>
    <Size>52</Size>
    <Command>Add</Command>
    <Progress>0</Progress>
    <Retry>0</Retry>
    <Success>false</Success>
  </FtpData>
  <FtpData>
    <LocalPath>C:\temp-win\openElementFtp\Smart-Thermostat\send_config.css</LocalPath>
    <Index>105</Index>
    <Path>send_config.css</Path>
    <Size>619</Size>
    <Command>Add</Command>
    <Progress>0</Progress>
    <Retry>0</Retry>
    <Success>false</Success>
  </FtpData>
  <FtpData>
    <LocalPath>C:\temp-win\openElementFtp\Smart-Thermostat\send_config.php</LocalPath>
    <Index>106</Index>
    <Path>send_config.php</Path>
    <Size>2823</Size>
    <Command>Add</Command>
    <Progress>0</Progress>
    <Retry>0</Retry>
    <Success>false</Success>
  </FtpData>
  <FtpData>
    <LocalPath>C:\temp-win\openElementFtp\Smart-Thermostat\send_planning.css</LocalPath>
    <Index>107</Index>
    <Path>send_planning.css</Path>
    <Size>619</Size>
    <Command>Add</Command>
    <Progress>0</Progress>
    <Retry>0</Retry>
    <Success>false</Success>
  </FtpData>
  <FtpData>
    <LocalPath>C:\temp-win\openElementFtp\Smart-Thermostat\send_planning.php</LocalPath>
    <Index>108</Index>
    <Path>send_planning.php</Path>
    <Size>2426</Size>
    <Command>Add</Command>
    <Progress>0</Progress>
    <Retry>0</Retry>
    <Success>false</Success>
  </FtpData>
  <FtpData>
    <LocalPath>C:\temp-win\openElementFtp\Smart-Thermostat\send_programmation.css</LocalPath>
    <Index>109</Index>
    <Path>send_programmation.css</Path>
    <Size>619</Size>
    <Command>Add</Command>
    <Progress>0</Progress>
    <Retry>0</Retry>
    <Success>false</Success>
  </FtpData>
  <FtpData>
    <LocalPath>C:\temp-win\openElementFtp\Smart-Thermostat\send_programmation.php</LocalPath>
    <Index>110</Index>
    <Path>send_programmation.php</Path>
    <Size>5045</Size>
    <Command>Add</Command>
    <Progress>0</Progress>
    <Retry>0</Retry>
    <Success>false</Success>
  </FtpData>
  <FtpData>
    <LocalPath>C:\temp-win\openElementFtp\Smart-Thermostat\sitemap.xml</LocalPath>
    <Index>111</Index>
    <Path>sitemap.xml</Path>
    <Size>1517</Size>
    <Command>Add</Command>
    <Progress>0</Progress>
    <Retry>0</Retry>
    <Success>false</Success>
  </FtpData>
  <FtpData>
    <LocalPath>C:\temp-win\openElementFtp\Smart-Thermostat\Temperatures(var).js</LocalPath>
    <Index>112</Index>
    <Path>Temperatures(var).js</Path>
    <Size>2529</Size>
    <Command>Add</Command>
    <Progress>0</Progress>
    <Retry>0</Retry>
    <Success>false</Success>
  </FtpData>
  <FtpData>
    <LocalPath>C:\temp-win\openElementFtp\Smart-Thermostat\Temperatures(var).php</LocalPath>
    <Index>113</Index>
    <Path>Temperatures(var).php</Path>
    <Size>1038</Size>
    <Command>Add</Command>
    <Progress>0</Progress>
    <Retry>0</Retry>
    <Success>false</Success>
  </FtpData>
  <FtpData>
    <LocalPath>C:\temp-win\openElementFtp\Smart-Thermostat\Temperatures.css</LocalPath>
    <Index>114</Index>
    <Path>Temperatures.css</Path>
    <Size>1539</Size>
    <Command>Add</Command>
    <Progress>0</Progress>
    <Retry>0</Retry>
    <Success>false</Success>
  </FtpData>
  <FtpData>
    <LocalPath>C:\temp-win\openElementFtp\Smart-Thermostat\Temperatures.php</LocalPath>
    <Index>115</Index>
    <Path>Temperatures.php</Path>
    <Size>17008</Size>
    <Command>Add</Command>
    <Progress>0</Progress>
    <Retry>0</Retry>
    <Success>false</Success>
  </FtpData>
  <FtpData>
    <LocalPath>C:\temp-win\openElementFtp\Smart-Thermostat\Files\Fonts\Fonts.css</LocalPath>
    <Index>116</Index>
    <Path>Files/Fonts/Fonts.css</Path>
    <Size>1127</Size>
    <Command>Add</Command>
    <Progress>0</Progress>
    <Retry>0</Retry>
    <Success>false</Success>
  </FtpData>
  <FtpData>
    <LocalPath>C:\temp-win\openElementFtp\Smart-Thermostat\Files\Fonts\Icons.eot</LocalPath>
    <Index>117</Index>
    <Path>Files/Fonts/Icons.eot</Path>
    <Size>33068</Size>
    <Command>Add</Command>
    <Progress>0</Progress>
    <Retry>0</Retry>
    <Success>false</Success>
  </FtpData>
  <FtpData>
    <LocalPath>C:\temp-win\openElementFtp\Smart-Thermostat\Files\Fonts\Icons.ttf</LocalPath>
    <Index>118</Index>
    <Path>Files/Fonts/Icons.ttf</Path>
    <Size>32912</Size>
    <Command>Add</Command>
    <Progress>0</Progress>
    <Retry>0</Retry>
    <Success>false</Success>
  </FtpData>
  <FtpData>
    <LocalPath>C:\temp-win\openElementFtp\Smart-Thermostat\Files\Fonts\Icons.woff</LocalPath>
    <Index>119</Index>
    <Path>Files/Fonts/Icons.woff</Path>
    <Size>18940</Size>
    <Command>Add</Command>
    <Progress>0</Progress>
    <Retry>0</Retry>
    <Success>false</Success>
  </FtpData>
  <FtpData>
    <LocalPath>C:\temp-win\openElementFtp\Smart-Thermostat\Files\Fonts\Montserrat.eot</LocalPath>
    <Index>120</Index>
    <Path>Files/Fonts/Montserrat.eot</Path>
    <Size>20396</Size>
    <Command>Add</Command>
    <Progress>0</Progress>
    <Retry>0</Retry>
    <Success>false</Success>
  </FtpData>
  <FtpData>
    <LocalPath>C:\temp-win\openElementFtp\Smart-Thermostat\Files\Fonts\Montserrat.ttf</LocalPath>
    <Index>121</Index>
    <Path>Files/Fonts/Montserrat.ttf</Path>
    <Size>20200</Size>
    <Command>Add</Command>
    <Progress>0</Progress>
    <Retry>0</Retry>
    <Success>false</Success>
  </FtpData>
  <FtpData>
    <LocalPath>C:\temp-win\openElementFtp\Smart-Thermostat\Files\Fonts\Montserrat.woff</LocalPath>
    <Index>122</Index>
    <Path>Files/Fonts/Montserrat.woff</Path>
    <Size>12216</Size>
    <Command>Add</Command>
    <Progress>0</Progress>
    <Retry>0</Retry>
    <Success>false</Success>
  </FtpData>
  <FtpData>
    <LocalPath>C:\temp-win\openElementFtp\Smart-Thermostat\Files\Fonts\TitilliumText25L.eot</LocalPath>
    <Index>123</Index>
    <Path>Files/Fonts/TitilliumText25L.eot</Path>
    <Size>73644</Size>
    <Command>Add</Command>
    <Progress>0</Progress>
    <Retry>0</Retry>
    <Success>false</Success>
  </FtpData>
  <FtpData>
    <LocalPath>C:\temp-win\openElementFtp\Smart-Thermostat\Files\Fonts\TitilliumText25L.ttf</LocalPath>
    <Index>124</Index>
    <Path>Files/Fonts/TitilliumText25L.ttf</Path>
    <Size>73428</Size>
    <Command>Add</Command>
    <Progress>0</Progress>
    <Retry>0</Retry>
    <Success>false</Success>
  </FtpData>
  <FtpData>
    <LocalPath>C:\temp-win\openElementFtp\Smart-Thermostat\Files\Fonts\TitilliumText25L.woff</LocalPath>
    <Index>125</Index>
    <Path>Files/Fonts/TitilliumText25L.woff</Path>
    <Size>33372</Size>
    <Command>Add</Command>
    <Progress>0</Progress>
    <Retry>0</Retry>
    <Success>false</Success>
  </FtpData>
  <FtpData>
    <LocalPath>C:\temp-win\openElementFtp\Smart-Thermostat\Templates\Base_Menu.css</LocalPath>
    <Index>126</Index>
    <Path>Templates/Base_Menu.css</Path>
    <Size>4471</Size>
    <Command>Add</Command>
    <Progress>0</Progress>
    <Retry>0</Retry>
    <Success>false</Success>
  </FtpData>
  <FtpData>
    <LocalPath>C:\temp-win\openElementFtp\Smart-Thermostat\Templates\Base_Menu_Alt.css</LocalPath>
    <Index>127</Index>
    <Path>Templates/Base_Menu_Alt.css</Path>
    <Size>4417</Size>
    <Command>Add</Command>
    <Progress>0</Progress>
    <Retry>0</Retry>
    <Success>false</Success>
  </FtpData>
</NewDataSet>